tweet_time	twitter_id	tweet_text
2018-07-11	596309294	RT @m1SBIHp4gxVB0nq: @leejongsul78 골프치러 가는게지, 뚱친 돈  한국에서  쓰는게 표 나잖아 ~~~~
2018-07-11	2994151164	RT @khk1222k: 한국은 종교의 자유가 있는 나라라고들 이야기 한다. 하지만 꽤 많은 사람들은 이 자유를 부정당한다. 그 중 대표적인 사례가 바로 청소년이다. 한국에서는 꽤 많은 청소년들이 원치 않는 종교시설에 끌려가고, 종교예배에 참석을 강…
2018-07-11	952429715658219520	RT @Hegori_cm: 예상외로 '한남(한국남자)'라는 표현이 되게 여성들 사이에 빠르게 퍼지고 있다는거도 웃긴데 그 이유가 너무 웃겼던게흔한 새끼들이라 주위에 둘러보면 나말고 다른 여자들도 자주 당하고 있는+ 가부장문화속에 커서 지 잘못도…
2018-07-11	4195088418	"RT @Mylife_KTV: #문재인 #대통령 ""국민과 소통하는 #모디 총리님께 경의를 표합니다""인도를 국빈방문 중인 문재인 대통령은#인도 모디 총리와 확대회담을 가졌습니다문 대통령은 국민과 소통하는 모디 총리에게 경의를 표하며한국과 인도의…"
2018-07-11	3280089805	자퇴하던가 1년 휴학햐서 해외에 있다가 해외에서 어느나라가 더 마음에 드는지 결정하고 그곳에서 자리잡고 싶다ㅠ한국 학교만 생각하면 정말 빡쳐 얘들 존나 싫어버려 그지같은것들 파괴하고싶다 스바 게임하고싶은데
2018-07-11	973181898557071360	RT @dytpqdlxn: 한기총의 이러한 정치, 행정 관여는 대한민국 헌법 제20조 제2항 ‘종교와 정치는 분리된다’는 내용에 위반되는 범죄이며, 대한민국 질서를 어지럽히는 것입니다.https://t.co/jh2DTAjk73  #한기총고발…
2018-07-11	3249754579	RT @antirain03: 한국 기업 진짜 시발스러운게 외국 제품과 국내 제품이 경쟁이 안된다 싶으면 외국 제품을 못사게 함 ㅋㅋㅋㅋㅋㅋㅋㅋㅋㅋ 지들이 제품 질을 올릴 생각을 안하고 외국 제품을 후려침 미쳐버림 ㅋㅋㅋㅋㅋㅋㅋㅋㅋㅋㅋㅋㅋㅋㅋㅋ
2018-07-11	920274969988231169	"RT @pinpincong: 페미니즘 하기 전 해외에서 근무했었는데 정말 쇼크 받은건 할아버지가 어린 손녀의 밥을 해준다는거다.어른이 어린이를 돕는건 당연한건데 난 한국에서 할배는 누워있고  ""여자""아이니까 집안일 돕는거 너무도 많이 봤다."
2018-07-11	945897183261233152	RT @matrenin_dvor: 13세만 되어도 법이 여아는 동의해서 자기 판단 하에 성인과 섹스할 수 있는 존재로 취급한다. 고로 13세 남아의 성범죄는 성인의 성범죄와 동일하게 취급해야 할 것. 이것조차 안 되는 게 한국. 강간당할 때에만 스스…
2018-07-11	860828607979020288	RT @gwaeng210: 존나 멋있는 말인데 한국인들 공감못해 한국에서는 못하면 좆돼요,,,, https://t.co/EUZAvuHgQa
2018-07-11	1016002949527396352	RT @alasforalice: 워마드 이슈메이킹능력 최고임 최고최고 ㅋㅋㅋㅋㅋㅋㅋㅋㅋ 워마드에게 빚지지 않은 한국여성은 더이상 없다 ㅋㅋㅋㅋㅋㅋㅋㅋㅋㅋㅋㅋㅋㅋㅋㅋㅋㅋ
2018-07-11	960856083223883776	RT @9stars_xo: 아이돌그룹 '엑소' 두바이 세계 최고 빌딩 덮는다 (출처 : 연합뉴스 | 네이버 TV연예) https://t.co/k0NAmFiohj세계적으로 인기를 끄는 한국 아이돌그룹 엑소를 주제로 한 LED쇼가 아랍에미리트 두바이…
2018-07-11	820984897636401154	RT @antirain03: 한국 기업 진짜 시발스러운게 외국 제품과 국내 제품이 경쟁이 안된다 싶으면 외국 제품을 못사게 함 ㅋㅋㅋㅋㅋㅋㅋㅋㅋㅋ 지들이 제품 질을 올릴 생각을 안하고 외국 제품을 후려침 미쳐버림 ㅋㅋㅋㅋㅋㅋㅋㅋㅋㅋㅋㅋㅋㅋㅋㅋ
2018-07-11	827757918044856320	RT @Kkenma0724: 여러분 저랑 같이 깨끗한 한국장르 네이버 웹툰이지만 완결난 이영싫 파요 단행본도 지금 나오고 있고 게임도 나와여 삼촌님 채고 짱 https://t.co/ObtgwZjHyM
2018-07-11	930679135835447297	RT @mouse_baby_two: 앙스타 우익장르라고 해도 할말없음 한두번이야 1억 5천보 양보해서 그래 실수라고 치자 하지만 이정도면 걍 그냥 한국사람들 엿먹이는 의사밖에 안됨 차라리 한국이 싫으면 싫다고 하세요 아닌척하고는 에~~ 우리는 딱히…
2018-07-11	2314755172	RT @kcanari: 돈키호테의 무서움은... 일본을 찾은 한국 관광객들이 간바레 오또상을 찾으니까 구해다 파는 철저함에 있음(간바레 오또상은 수출용 브랜드라 일본에선 유통 안됨), 막 아무렇게나 쌓아놓은 물품 같지만 그 바탕에는 철저한 시장 분석…
2018-07-11	2372858767	RT @mettayoon: 법사위를 자유한국당에 넘겨주고 국회의장 지키면 뭐가 달라진 것인지 모르겠다. 단 한 번이라도 정세균 의장이 중요 법안을 직권상정한 것이 있었나? 정의민평당에 할당된 정치개혁특위가 소득이라면 소득일까. 자유한국당의 최교일이나…
2018-07-11	1015129537057734658	RT @yonaxiaojie: 오늘자 세계일보, 한국일보 지면 단신 기사. @BTS_twt https://t.co/jdlXfUlgaA
2018-07-11	386588832	8월 말에 한국 가는데 엄마랑 부산에 다녀와야지
2018-07-11	861632967189315585	RT @sung7664_pic2: 180707 싱토 크리스 한국 팬미팅옷 갈아입고 나왔는데 반응이👥👥👥 웅성거리자👥👥👥삐죽ㅋㅋㅋㅋㅋㅋㅋㅋ귀요미#KristSingtoFMinKorea #KristPerawat https://t.co/cTPS…
2018-07-11	800352478277484544	RT @bbright0506: :: KyoongKyoongee15 ::큥큥이가 드뎌 한국상륙ㅠㅅㅠ오늘부터 국내배송 시작됩니다😊홈페이지가 악성광고에 걸린건지 이상한 광고가 뜨고있어서.. 현재 조치중이니 홈페이지는 오늘밤부터 다시 확인 부탁드립…
2018-07-11	711274692955475968	RT @ALLOFME_SHOWNU: [pre🐻]180711 HKG 셔누혀누 한국갑니다아🚀🚀🚀#셔누 #SHOWNU #몬스타엑스 #MONSTA_X @OfficialMonstaX https://t.co/q8Yk4pRzBu
2018-07-11	437314360	RT @matrenin_dvor: 13세만 되어도 법이 여아는 동의해서 자기 판단 하에 성인과 섹스할 수 있는 존재로 취급한다. 고로 13세 남아의 성범죄는 성인의 성범죄와 동일하게 취급해야 할 것. 이것조차 안 되는 게 한국. 강간당할 때에만 스스…
2018-07-11	1238421332	RT @dyaelong: 리퀘박스/ 한국 고등학생 패치 아드마리리퀘 신청 감사합니다!#레이디버그 https://t.co/uPlv5kBInv
2018-07-11	2795132250	RT @haasimi: 이런 사진도 올라왔네요 어제 대기장에서 잠시 정책실장님과 이야기를 나눴죠 인도방문과 한국경제에 대해 ~~ https://t.co/nMJW8fv1UY
2018-07-11	4102766484	RT @nyabuRPG: 생각해보니 입/출국할때 자동출입국 심사 되는거 한국이 유일하지 않나... 어느나라에서 범죄자도 아닌 시민의 지문데이터를 다 가지고 있겠어... 편리하지만 되게 디스토피아적이고 사이버펑크하다... https://t.co/U7…
2018-07-11	209047743	"RT @JTBC_news: '한국형 셜록홈즈' 안 된다…헌재 ""탐정업 금지 합헌"". 명칭 사용도 안 돼. 이를 허용할 경우 불법 뒷조사를 할 수 있는 사람으로 오해를 부를 수 있어 금지하는 게 맞다고 판단. https://t.co/46MMT6PBwP…"
2018-07-11	941228109533143041	RT @6364gkdu: 한기총과 한국교회금권 선거 폭로로 휘청관련기사 : https://t.co/c7LmsmARGw#고발 #기독교 #한기총https://t.co/nIMvyqUDrT
2018-07-11	308532174	RT @TheBlueHouseKR: 모디총리와 문재인 대통령의 지하철 탑승에 동행한 강경화 외교부 장관과 비크람 도래스와미(Vikram Kumar Doraiswami) 주한인도대사, 신봉길 주인도한국대사. 포토by 윤영찬 국민소통수석  #뉴델리_3호…
2018-07-11	767259805429866496	RT @Hegori_cm: 예상외로 '한남(한국남자)'라는 표현이 되게 여성들 사이에 빠르게 퍼지고 있다는거도 웃긴데 그 이유가 너무 웃겼던게흔한 새끼들이라 주위에 둘러보면 나말고 다른 여자들도 자주 당하고 있는+ 가부장문화속에 커서 지 잘못도…
2018-07-11	3307899836	RT @lee3an1: 예전에 도서관에서 한국도 곧 탐정 합법화될 거니까 전문 탐정의 노하우를 가르쳐주겠다는 책을 본 적이 있었는데.
2018-07-11	907299779750674432	RT @_roronim: 일본장르 : 우익이거나 우익터질 예정이 대부분미국장르 : 인종차별 안하는 거 찾는게 더 힘듬한국장르 : 같은 언어를 쓴다고 말이 통하진 않는다
2018-07-11	3259437799	RT @aacid_: 고조선이 중국 춘추전국시대임: 네?헤이안이 한국 삼국시대임: 네?이런 느낌
2018-07-11	868993012180713472	RT @nyabuRPG: 생각해보니 입/출국할때 자동출입국 심사 되는거 한국이 유일하지 않나... 어느나라에서 범죄자도 아닌 시민의 지문데이터를 다 가지고 있겠어... 편리하지만 되게 디스토피아적이고 사이버펑크하다... https://t.co/U7…
2018-07-11	2363975016	RT @nyabuRPG: 생각해보니 입/출국할때 자동출입국 심사 되는거 한국이 유일하지 않나... 어느나라에서 범죄자도 아닌 시민의 지문데이터를 다 가지고 있겠어... 편리하지만 되게 디스토피아적이고 사이버펑크하다... https://t.co/U7…
2018-07-11	860311566029172737	RT @Hegori_cm: 예상외로 '한남(한국남자)'라는 표현이 되게 여성들 사이에 빠르게 퍼지고 있다는거도 웃긴데 그 이유가 너무 웃겼던게흔한 새끼들이라 주위에 둘러보면 나말고 다른 여자들도 자주 당하고 있는+ 가부장문화속에 커서 지 잘못도…
2018-07-11	1727546754	@hun_sol0408 그런가봐여 ㅋㅋㅋㅋ 그래도 맛있었어용☺️☺️ 이제 한국 오시나요??
2018-07-11	784644540770586624	RT @kjs333011: 하여간 맨날 건전한 페미니즘 따지는 남성분들에게 한마디 한다면그 남초커뮤니티나 대한민국 남성 평균 수준도 좀 '건전해' 지면 안됩니까?가슴에 손을 얹고 야갤이나 엠팍불펜 보고 그게 정상이라 생각하시는지 ㄲㄲ
2018-07-11	849935716335312896	RT @dailymoonjaein: 180709 인도 국민들은 현대차를 타고, 삼성 휴대폰을 사용합니다. 한국 국민들은 요가로 건강을 지키고, 카레를 즐겨 먹습니다. 제 딸도 한국에서 요가 강사를 합니다. 교류와 협력이 양국 국민의 삶을 풍요롭게 해…
2018-07-11	594604705	"RT @JTBC_news: '한국형 셜록홈즈' 안 된다…헌재 ""탐정업 금지 합헌"". 명칭 사용도 안 돼. 이를 허용할 경우 불법 뒷조사를 할 수 있는 사람으로 오해를 부를 수 있어 금지하는 게 맞다고 판단. https://t.co/46MMT6PBwP…"
2018-07-11	725905180672188416	RT @m00min_0_0: 한국도 귀여운 캐릭터 신호등 있었으면 https://t.co/abkaWICQw0
2018-07-11	786905959	RT @matrenin_dvor: 13세만 되어도 법이 여아는 동의해서 자기 판단 하에 성인과 섹스할 수 있는 존재로 취급한다. 고로 13세 남아의 성범죄는 성인의 성범죄와 동일하게 취급해야 할 것. 이것조차 안 되는 게 한국. 강간당할 때에만 스스…
2018-07-11	880670430679490561	RT @datastaion: 아마존한국 무료배송이벤트 이유 https://t.co/WJa4QNCmQF
2018-07-11	983753734940311552	RT @arangsoul: 야당이 법사위원장 맡는 대신 '상원' 법사위 권한 제한 가닥 https://t.co/9HKucHVXBi한국당은 불편한 기색. ‘힘 빠진’ 법사위원장을 가져오는 건 큰 의미가 없다는 판단
2018-07-11	3230100937	RT @shiftpsh: 이건 제가 학기 중에 심심해서 만들었던 이모티콘인데요 7월 11일부터 카카오 스토어에서 판매하게 됐습니다 (?????????우와뭐지)독일전 한국 이기면 100개 뿌린다고 했는데 음 아직 월급 안들어와서 그렇게까진 못하겠고…
2018-07-11	888355374851543041	"RT @Mylife_KTV: #문재인 #대통령 ""국민과 소통하는 #모디 총리님께 경의를 표합니다""인도를 국빈방문 중인 문재인 대통령은#인도 모디 총리와 확대회담을 가졌습니다문 대통령은 국민과 소통하는 모디 총리에게 경의를 표하며한국과 인도의…"
2018-07-11	849935716335312896	RT @dailymoonjaein: 180709 지금이 한국에 투자할 적기라고, 자신 있게 말씀드립니다. 여러분이 투자하시면, 한국정부도 힘껏 돕겠습니다. #문재인대통령 https://t.co/APwarQH6JQ
2018-07-11	51946447	RT @doctor_jjs: 예멘 난민 받는데 혈안이 되면서정작 대한민국 국민이 납치된것은 왜 숨기지? https://t.co/v05VALQvdH
2018-07-11	2898491802	RT @corcorgiBH: [대한민국 구석구석을 산책하는 백호의 첫번째 여행기] 한국관광공사와 함께하는 백호의 첫번째 여행기를 시작합니다. 앞으로 6개월간 백호는 누나와 함께 한국의 곳곳을 산책할 예정이에요. 이번에 소개하는 곳은 수도권에서 가장…
2018-07-11	940360205644177409	RT @_roronim: 일본장르 : 우익이거나 우익터질 예정이 대부분미국장르 : 인종차별 안하는 거 찾는게 더 힘듬한국장르 : 같은 언어를 쓴다고 말이 통하진 않는다
2018-07-11	2754309936	RT @dmthoth: 한국 대중의 MSG혐오증은 미국의 ‘중국식당신드롬’에서 출발했는데, 다른 유럽식 식당과 시중 과자에도 MSG는 듬뿍 들어가지만, 굳이 중국음식만 타겟이 된건 인종차별과 관련이 없을 수 없다는 것. 한국은 미국이 인종차별로 만들…
2018-07-11	1013336927683018752	⚠️2차 홍보/RT=💓-치지직..-ㅇㅇ구 38번 도로, 4중 추돌 사고 발생했습니다. 지금 바로 지원 바라며 블랙박스 확보해주시길 바랍니다.※ 당신의 캐릭터가 싸우게 되거나 부상을 입을 수 있습니… https://t.co/zxEbomx81g
2018-07-11	733647709	RT @BTS_twt: 한국 날씨 좋다#JIMIN#다녀왔어 https://t.co/VoaeiFWIT9
2018-07-11	3966719245	@kkolchobonobono 부럽다 ㅠㅠㅠㅠ 나도 한국 가면 핫트랙스 노래방 부터 갈거야.......이미 계획 다 세웠는데 문제는 필요한 20만원 어디서 구하지....? ㅋㅋㅋㅋㅋ...
2018-07-11	738451914522644480	RT @___Tmsan: 내가 스유를 좋아하는 이유 중 하나는 명대사가 너무 많음... 그리고 애니 자체가 동성애, 페미, 인권 등등 요소들이 있고.. (갑자기 페미요소 나와서 한국에선 방영 중지됨) https://t.co/TkUHcDGli1
2018-07-11	1191671046	윤지혜나 이영진을 보면 요새 한국 젊은 여자들 미모는 뭔가 부족한 미모임.
2018-07-11	840653863	RT @matrenin_dvor: 13세만 되어도 법이 여아는 동의해서 자기 판단 하에 성인과 섹스할 수 있는 존재로 취급한다. 고로 13세 남아의 성범죄는 성인의 성범죄와 동일하게 취급해야 할 것. 이것조차 안 되는 게 한국. 강간당할 때에만 스스…
2018-07-11	2470723856	RT @Fact_Wings: 자유한국당 미친개새끼들 방해만 없었어도!자유한국당 씨발내란범새끼들 쓸어버려야.발등 찍은 일자리 정부..취업자 35만명↑ 과욕, 실제는 10만명 | 다음뉴스 https://t.co/9Bvzla8TKE
2018-07-11	3088630873	RT @Tickhanim: 작품이 괜찮음 &gt; 제작자가 박살제작자가 괜찮음 &gt; 팬들이 박살팬이 괜찮음 &gt; 작품이 박살일본 장르 &gt; 우익, 일제강점기 미화한국 장르 &gt; 여혐, 소아성애서양 장르 &gt; 인종 차별메이저 &gt; 유명한 만큼 박살마이너…
2018-07-11	879810704	RT @Hegori_cm: 예상외로 '한남(한국남자)'라는 표현이 되게 여성들 사이에 빠르게 퍼지고 있다는거도 웃긴데 그 이유가 너무 웃겼던게흔한 새끼들이라 주위에 둘러보면 나말고 다른 여자들도 자주 당하고 있는+ 가부장문화속에 커서 지 잘못도…
2018-07-11	989059757129519104	RT @dytpqdlxn: 한기총의 이러한 정치, 행정 관여는 대한민국 헌법 제20조 제2항 ‘종교와 정치는 분리된다’는 내용에 위반되는 범죄이며, 대한민국 질서를 어지럽히는 것입니다.https://t.co/jh2DTAjk73  #한기총고발…
2018-07-11	890580965919145984	RT @pigori: 로다주가 맥에서 치즈버거를 먹는데 아무 맛을 못느껴 마약을 끊었다는 이야기가 있다.지금 내가 맥에서 맥모닝을 먹는데 나도 아무 맛도 못느끼고 있다.문제는 나는 마약을 하지 않는다는 것과이 맥모닝은 정말 아무 맛도 나지…
2018-07-11	1940672126	RT @Tickhanim: 작품이 괜찮음 &gt; 제작자가 박살제작자가 괜찮음 &gt; 팬들이 박살팬이 괜찮음 &gt; 작품이 박살일본 장르 &gt; 우익, 일제강점기 미화한국 장르 &gt; 여혐, 소아성애서양 장르 &gt; 인종 차별메이저 &gt; 유명한 만큼 박살마이너…
2018-07-11	280161069	RT @HOLLAND_vvv: #홀랜드 의 뮤직비디오 #ImNotAfraid 는 @youtube 에서 특정국가(한국, 인도, 대만, 홍콩, 일본) 을 제외한 모든 국가에서 성인 인증없이 조회가 가능합니다.
2018-07-11	928570993186021377	이런저런 인권적인 이면들을 따지고 혹여나 발생할 부작용 등을 고려하여 성폭행 사건을 수사하고 판결한다지만 사실상@그들@좋게 만든 법을 그대로 유지하기 위한 핑계에 불과하다는 것은 대한민국 사람이@다 안다.… https://t.co/Vq5glbexUp
2018-07-11	139295929	"RT @JTBC_news: '한국형 셜록홈즈' 안 된다…헌재 ""탐정업 금지 합헌"". 명칭 사용도 안 돼. 이를 허용할 경우 불법 뒷조사를 할 수 있는 사람으로 오해를 부를 수 있어 금지하는 게 맞다고 판단. https://t.co/46MMT6PBwP…"
2018-07-11	968041797317349377	RT @fusi_dean: 엄마가 미우새 틀어놨는데 기분 나쁘다. 백령도는 배가 일찍 끊긴다는 얘기 중이있는데 그 와중에 mc들이 데이트코스로 좋다면서 막 웃음.그리고 게스트한테 딸이 남자친구하고 백령도가면 어쩔거냐고 하는데 그 게스트의 두번째…
2018-07-11	3299306731	RT @hellofant: 이 책에서 잊혀지지 않는 구절은 개농장 개들이 그냥 맹물을 태어나서 한번도 마셔본 적이 없다는 것. 음식물 쓰레기에서 배어나온 썩은 국물로만 갈증을 채우다가 다른 개가 보는 앞에서 전기봉으로 도살되는 것이 한국 개고기 산업…
2018-07-11	3166693010	한국형 해포캐 짜고싶다 그럼 걔 마인드.. oO(가만안둬... 영감탱...)
2018-07-11	1038985986	RT @PasteCat: 한국 사이버펑크눈...만두집이지 https://t.co/TJbSE9nQPw
2018-07-11	859246899332751360	RT @nyabuRPG: 생각해보니 입/출국할때 자동출입국 심사 되는거 한국이 유일하지 않나... 어느나라에서 범죄자도 아닌 시민의 지문데이터를 다 가지고 있겠어... 편리하지만 되게 디스토피아적이고 사이버펑크하다... https://t.co/U7…
2018-07-11	991326407136428032	RT @dyaelong: 리퀘박스/ 한국 고등학생 패치 아드마리리퀘 신청 감사합니다!#레이디버그 https://t.co/uPlv5kBInv
2018-07-11	775689356304535553	RT @NASA_EXOPLANET: 엑사세분들이 기억 못하실까 봐 모아둔 다음 시즌 여행지 유럽, 한국, 제주도, 강원도, 싱가폴, 홍콩, 종대특집도 해야 하고 1화부터 꾸준히 언급되는 우리 경수 오늘도 디오 껴서 첸백시디로 태국 가자고 했고 이제…
2018-07-11	113184378	"RT @Mylife_KTV: #문재인 #대통령 ""국민과 소통하는 #모디 총리님께 경의를 표합니다""인도를 국빈방문 중인 문재인 대통령은#인도 모디 총리와 확대회담을 가졌습니다문 대통령은 국민과 소통하는 모디 총리에게 경의를 표하며한국과 인도의…"
2018-07-11	849935716335312896	RT @dailymoonjaein: 180710 문재인 대통령, 한국·인도 확대정상회담 및 공동 언론발표 https://t.co/uPaiP3qg1c
2018-07-11	193267873	"RT @djgood1067: 지지율 70%대통령이란...저분 말한마디에 국가간국민 감정이뒤틀어 저버릴수 있거든각국 정상이 문프를 최상으로예우하는 이유가 여기에있음文 ""제가 아니라 대한민국이 환대받아""  https://t.co/YH3WFD…"
2018-07-11	928893288152576000	두 번째 난관: 한국은 총기 합법 국가가 아님
2018-07-11	994706444	RT @pigori: 로다주가 맥에서 치즈버거를 먹는데 아무 맛을 못느껴 마약을 끊었다는 이야기가 있다.지금 내가 맥에서 맥모닝을 먹는데 나도 아무 맛도 못느끼고 있다.문제는 나는 마약을 하지 않는다는 것과이 맥모닝은 정말 아무 맛도 나지…
2018-07-11	2995641782	RT @corcorgiBH: [대한민국 구석구석을 산책하는 백호의 첫번째 여행기] 한국관광공사와 함께하는 백호의 첫번째 여행기를 시작합니다. 앞으로 6개월간 백호는 누나와 함께 한국의 곳곳을 산책할 예정이에요. 이번에 소개하는 곳은 수도권에서 가장…
2018-07-11	741761834118569985	RT @Hegori_cm: 예상외로 '한남(한국남자)'라는 표현이 되게 여성들 사이에 빠르게 퍼지고 있다는거도 웃긴데 그 이유가 너무 웃겼던게흔한 새끼들이라 주위에 둘러보면 나말고 다른 여자들도 자주 당하고 있는+ 가부장문화속에 커서 지 잘못도…
2018-07-11	426657709	"RT @pinpincong: 페미니즘 하기 전 해외에서 근무했었는데 정말 쇼크 받은건 할아버지가 어린 손녀의 밥을 해준다는거다.어른이 어린이를 돕는건 당연한건데 난 한국에서 할배는 누워있고  ""여자""아이니까 집안일 돕는거 너무도 많이 봤다."
2018-07-11	912635927758987264	RT @kjs333011: 하여간 맨날 건전한 페미니즘 따지는 남성분들에게 한마디 한다면그 남초커뮤니티나 대한민국 남성 평균 수준도 좀 '건전해' 지면 안됩니까?가슴에 손을 얹고 야갤이나 엠팍불펜 보고 그게 정상이라 생각하시는지 ㄲㄲ
2018-07-11	1016327313212956674	RT @yes02170: 2018년도 가장 핫!! 이슈~한기총 고발사건!진실은 밝혀지게 되어있다.지금처럼!!한국은 잠잠해서 잘 모르겠지만세계는 한국을 주목한다.왜? 한기총의 부패로!!https://t.co/1vDIPjXJPF#한기…
2018-07-11	3326609814	RT @NASA_EXOPLANET: 엑사세분들이 기억 못하실까 봐 모아둔 다음 시즌 여행지 유럽, 한국, 제주도, 강원도, 싱가폴, 홍콩, 종대특집도 해야 하고 1화부터 꾸준히 언급되는 우리 경수 오늘도 디오 껴서 첸백시디로 태국 가자고 했고 이제…
2018-07-11	992265559864590336	RT @bizinfo1357: 여러분 대통령 인도순방 소식 들으셨나요?한국 스타트업의 인도진출을 위해 중소벤처기업부 홍종학 장관과 직원, 관계자도 인도를 방문했는데요      인도에서 온 소식 전해드려요!      7월9일(월) '한-인도…
2018-07-11	510187739	RT @zoomx100: 한국 카톨릭에는 성체를 모실 수 있는 종교인 보다 레벨이 조금 낮은 사람들이 모시는 천사채라는 것이 있다. #야 https://t.co/qPbWMfgVwp
2018-07-11	967397266200846336	RT @antirain03: 한국 기업 진짜 시발스러운게 외국 제품과 국내 제품이 경쟁이 안된다 싶으면 외국 제품을 못사게 함 ㅋㅋㅋㅋㅋㅋㅋㅋㅋㅋ 지들이 제품 질을 올릴 생각을 안하고 외국 제품을 후려침 미쳐버림 ㅋㅋㅋㅋㅋㅋㅋㅋㅋㅋㅋㅋㅋㅋㅋㅋ
2018-07-11	778670190359777281	RT @yeokbo: 가벼운 꼼수 썼다가.. 끝내 물러선 지상파들 (한국) https://t.co/Ox1riwTblP 지상파 방송사가 ‘적폐 청산’ 시류에 편승해 검증되지 않은 진행자를 출연시켜 시청자 확보에 나섰다가 방송의 공공성까지 훼손한 것 아…
2018-07-11	980075819849560065	RT @dyaelong: 리퀘박스/ 한국 고등학생 패치 아드마리리퀘 신청 감사합니다!#레이디버그 https://t.co/uPlv5kBInv
2018-07-11	2692797978	RT @9_exolove: RT...탐라사람들...우리이거해야될것같아요그 서가대에서 팬덤스쿨상 작년에도 받았던 개인상...투표 부탁드립니다ㅠㅠ52일!!남았어요!!!그룹상은 이기고있는데 개인상이....ㅠ저번에 중국팬분이 한국에서는 민석백현둘중…
2018-07-11	1194415002	RT @1_1_7_2: 딸한테는 '너 어디서 천박하게 몸 굴리고 다니지 마라' 라는 말 하는 거 미디어에서도 어렵지 않게 볼 수 있는데 아들한테 성범죄 저지르지 말라고 하는 거에 바들바들 떠는 건... 이래서 한국의 ✌️아들✌️들이 이 모양인걸까 싶…
2018-07-11	864348470865305600	RT @datastaion: 아마존한국 무료배송이벤트 이유 https://t.co/WJa4QNCmQF
2018-07-11	922008956318334978	RT @HOLLAND_vvv: #홀랜드 의 뮤직비디오 #ImNotAfraid 는 @youtube 에서 특정국가(한국, 인도, 대만, 홍콩, 일본) 을 제외한 모든 국가에서 성인 인증없이 조회가 가능합니다.
2018-07-11	4858316215	RT @fuuuuuck_offfff: 일베에선 마리아를 마구간 콜걸이라 부르며 그야말로 인간같지 않은 언행을 일 삼는데도 기사 한줄 나지 않더니 워마드는 일베와 동일시 하면서 빵쪼가리만 태워도 기사난다ㅋㅋㅋ 대한민국의 이중성 오져벌임 https://…
2018-07-11	111636556	RT @fuuuuuck_offfff: 일베에선 마리아를 마구간 콜걸이라 부르며 그야말로 인간같지 않은 언행을 일 삼는데도 기사 한줄 나지 않더니 워마드는 일베와 동일시 하면서 빵쪼가리만 태워도 기사난다ㅋㅋㅋ 대한민국의 이중성 오져벌임 https://…
2018-07-11	903855375429931008	"RT @coding_lupin: 한국 사회가 여성들을 어떻게 대해 왔는지, 남성들이 여성을 어떻게 성적 대상화하며 살아왔는지, 나는 그것에 침묵으로 동조해왔고 내 무의식에도 그런 부분들이 상당수 남아있다는 사실을 깨닫게 되면 다시는 ""여자들이 예민하…"
2018-07-11	887853140145455104	RT @geminids_night: 📺 한국MICE 홍보대사 샤이니한국관광공사 기업연수 및 인센티브여행 홍보영상https://t.co/Avwa7ohpE3#샤이니 #SHINee https://t.co/agNc5i49nS
2018-07-11	270362557	RT @moonlover333: 문대통령 입술 보세요..얼마나 힘드신지..지난 1년 전쟁위기 대한민국전세계 정상을 만나서 설득하고김정일도 만나고..문프의 그 고행의 시간들이 있기에지금 내조국의 전쟁위기는조용 합니다..기레기 언론들…
2018-07-11	849935716335312896	RT @dailymoonjaein: 180710 문재인 대통령, 한국·인도 기업인 라운드 테이블 참석 https://t.co/oSWN5a8ANX
2018-07-11	933633867776274433	"RT @JTBC_news: '한국형 셜록홈즈' 안 된다…헌재 ""탐정업 금지 합헌"". 명칭 사용도 안 돼. 이를 허용할 경우 불법 뒷조사를 할 수 있는 사람으로 오해를 부를 수 있어 금지하는 게 맞다고 판단. https://t.co/46MMT6PBwP…"
2018-07-11	3160980494	"RT @pinpincong: 페미니즘 하기 전 해외에서 근무했었는데 정말 쇼크 받은건 할아버지가 어린 손녀의 밥을 해준다는거다.어른이 어린이를 돕는건 당연한건데 난 한국에서 할배는 누워있고  ""여자""아이니까 집안일 돕는거 너무도 많이 봤다."
2018-07-11	895567316984840192	RT @gwaeng210: 존나 멋있는 말인데 한국인들 공감못해 한국에서는 못하면 좆돼요,,,, https://t.co/EUZAvuHgQa
2018-07-11	2199515960	RT @noiac: &lt;스파이더맨 : 뉴 유니버스&gt;원작의 2세대 스파이더맨 마일즈 모랄레스를 중심으로, 어떤 이유로 인해 각 우주의 스파이더맨들이 모이게 되며 벌어지는 이야기. 소니의 극장판 애니메이션으로 컴퓨터 애니메이션 기법과 코믹스 그림을 결합…
2018-07-11	704896018920378369	RT @Tickhanim: 작품이 괜찮음 &gt; 제작자가 박살제작자가 괜찮음 &gt; 팬들이 박살팬이 괜찮음 &gt; 작품이 박살일본 장르 &gt; 우익, 일제강점기 미화한국 장르 &gt; 여혐, 소아성애서양 장르 &gt; 인종 차별메이저 &gt; 유명한 만큼 박살마이너…
2018-07-11	2332849626	RT @athmtg1: 6일부터 폭우였는데 8일에 비상재해대책본부 설치...미국 장관이랑 한국 장관도 접견했다는 것 같은데..(...)...여러가지로 까이기 좋은 상황이 된 것 같은데..
2018-07-11	989059757129519104	RT @dytpqdlxn: 🔕한기총의 설립 목적과 단체의 성격을 규정한 한기총 정관에 “한국 기독교를 하나로 묶어서 정부나 사회에 한 목소리를 내자.”라고 되어 있는 것만 봐도, 이들은 종교 집단이 아닌 정치 집단이라는 것을 알 수 있습니다.…
2018-07-11	775527361605275652	RT @sung7664_pic2: 180707 싱토 크리스 한국 팬미팅옷 갈아입고 나왔는데 반응이👥👥👥 웅성거리자👥👥👥삐죽ㅋㅋㅋㅋㅋㅋㅋㅋ귀요미#KristSingtoFMinKorea #KristPerawat https://t.co/cTPS…
2018-07-11	583868819	RT @arangsoul: 야당이 법사위원장 맡는 대신 '상원' 법사위 권한 제한 가닥 https://t.co/9HKucHVXBi한국당은 불편한 기색. ‘힘 빠진’ 법사위원장을 가져오는 건 큰 의미가 없다는 판단
2018-07-11	785057096911904768	RT @1_1_7_2: 딸한테는 '너 어디서 천박하게 몸 굴리고 다니지 마라' 라는 말 하는 거 미디어에서도 어렵지 않게 볼 수 있는데 아들한테 성범죄 저지르지 말라고 하는 거에 바들바들 떠는 건... 이래서 한국의 ✌️아들✌️들이 이 모양인걸까 싶…
2018-07-11	827241613470597121	RT @VICTON1109: [#수빈] 안녀어엉ㅇ!!여러분 좋은하루 보내고있나요?빅토니들은 일본일정 잘마치구 어제한국으로 돌아왔답니다~재밌는 하루하루를 보낸거같아서 기분이 좋아요요즘 비가 많이오는데 비조심하시구여름감기도 조심해요오! htt…
2018-07-11	946790616037339136	RT @antirain03: 한국 기업 진짜 시발스러운게 외국 제품과 국내 제품이 경쟁이 안된다 싶으면 외국 제품을 못사게 함 ㅋㅋㅋㅋㅋㅋㅋㅋㅋㅋ 지들이 제품 질을 올릴 생각을 안하고 외국 제품을 후려침 미쳐버림 ㅋㅋㅋㅋㅋㅋㅋㅋㅋㅋㅋㅋㅋㅋㅋㅋ
2018-07-11	928893288152576000	중학생 때 추리소설을 쓰려고 했으나 여러 가지로 난관에 부딪친 게, 탐정이 보편적이지 않은 한국 문화였죠. 이젠 금지군요. 한국판 셜록 홈즈 시리즈는 나올 수가 없을 거야... https://t.co/rnqVbXKNvk
2018-07-11	933346861154312192	RT @imy1009: 한국기독교총연합회(한기총)의 진실을 고발합니다. (출처 : 믿음 순종 .. | 블로그) https://t.co/VDUtHeqz1D https://t.co/edy1WueMdP
2018-07-11	929759553956098048	...19살이 36살보고 누나...(중얼거리다가 이내 말을 그만둔다..)그래 그런거지 뭐...(네 머리위에 손을 얹은 다음 조용히 쓰다듬어줘)그래 한국19살이면 인생 다살았지 뭐.
2018-07-11	822721930084003840	RT @___Tmsan: 내가 스유를 좋아하는 이유 중 하나는 명대사가 너무 많음... 그리고 애니 자체가 동성애, 페미, 인권 등등 요소들이 있고.. (갑자기 페미요소 나와서 한국에선 방영 중지됨) https://t.co/TkUHcDGli1
2018-07-11	701020622734798848	RT @m00min_0_0: 한국도 귀여운 캐릭터 신호등 있었으면 https://t.co/abkaWICQw0
2018-07-11	4689823771	RT @Raphael__lino__: 한국 농식품부의 발표에 따르면 소고기 1kg을 얻는데에는 15500L의 물이 소요됩니다. 이는 아보카도 약 119개의 양이며 환경을 위해서라면 아보카도를 줄이기보다 육류의 수요를 줄여가는게 올바르다고봅시다.
2018-07-11	119773890	RT @UnifiedKorea1: 일자리 쇼크 5개월째…글로벌 금융위기 이후 최악 https://t.co/JvuToq8oD3최저임금의 급격한 인상은 기술, 기능없는 저소득층부터 직격탄 맞는다는 건 서구 선진국과 한국의 과거 사례에서 분명히 드러났…
2018-07-11	744590921644179457	RT @4084601: 벌레가 많나요?정글 O 한국 O습도가 높나요?정글 O 한국 O비가 많이 내리나요?정글 O 한국 O이게 나라냐 정글이지
2018-07-11	715363146	RT @corcorgiBH: 백호는 작정하고 해수욕장에 산책하러 간 것은 처음이었는데, 발이 푹푹 빠지니까 무서워하다가 나중엔 갈매기들이랑 싸우고 다님ㅋㅋㅋㅋㅋㅋㅋㅋㅋ 백호의 산책 여행은 앞으로도 계속 됩니다. 지방의 누나,형들과 함께하는 산책회도…
2018-07-11	3109792980	RT @pigori: 로다주가 맥에서 치즈버거를 먹는데 아무 맛을 못느껴 마약을 끊었다는 이야기가 있다.지금 내가 맥에서 맥모닝을 먹는데 나도 아무 맛도 못느끼고 있다.문제는 나는 마약을 하지 않는다는 것과이 맥모닝은 정말 아무 맛도 나지…
2018-07-11	537955051	RT @aff014a9577b44e: [자유한국당 비대위원장 강력 추천 후보]-찢지사 만큼 강력한 후보도 없을듯-자한당 도덕성 기준에 흠 잡을 곳이 없음-안철수 누를 수 있는 후보-남경필도 이긴 후보 https://t.co/tYs3j4JEpC
2018-07-11	957965263147712512	RT @craftcity: 나도 정말 날씬하고 다들 예쁘고 부럽다고 했을 때 매일 먹고 토했었다. 근데도 부럽대.지금은 먹고 안 토하고 그만큼 살도 쪘는데 보는 사람마다 살이 쪘고 나이 들어 보인다며 나를 공격하더라.한국에서 얘기하는 자기 관리는…
2018-07-11	762476379321487360	RT @aacid_: 고조선이 중국 춘추전국시대임: 네?헤이안이 한국 삼국시대임: 네?이런 느낌
2018-07-11	787972504446906368	RT @mouse_baby_two: 앙스타 우익장르라고 해도 할말없음 한두번이야 1억 5천보 양보해서 그래 실수라고 치자 하지만 이정도면 걍 그냥 한국사람들 엿먹이는 의사밖에 안됨 차라리 한국이 싫으면 싫다고 하세요 아닌척하고는 에~~ 우리는 딱히…
2018-07-11	401899708	"RT @JTBC_news: '한국형 셜록홈즈' 안 된다…헌재 ""탐정업 금지 합헌"". 명칭 사용도 안 돼. 이를 허용할 경우 불법 뒷조사를 할 수 있는 사람으로 오해를 부를 수 있어 금지하는 게 맞다고 판단. https://t.co/46MMT6PBwP…"
2018-07-11	772463795172020224	RT @fuuuuuck_offfff: 일베에선 마리아를 마구간 콜걸이라 부르며 그야말로 인간같지 않은 언행을 일 삼는데도 기사 한줄 나지 않더니 워마드는 일베와 동일시 하면서 빵쪼가리만 태워도 기사난다ㅋㅋㅋ 대한민국의 이중성 오져벌임 https://…
2018-07-11	386588832	RT @datastaion: 아마존한국 무료배송이벤트 이유 https://t.co/WJa4QNCmQF
2018-07-11	1245738109	RT @r1iXPLiYYHIDan7: @Jaemyung_Lee 대한민국의 경기도가 좋아지고대한민국의 경기도 좋아지길 바랍니다새로운 경기도 지사님 화이팅입니다
2018-07-11	875310619376865280	RT @kbkgwyd: 논란 있겠지만 통일부 입장이 가장 인권에 부합하다고 봄유엔 인권특별보고관 주장대로 &lt;일부&gt;입북하게 되면남한에 남은 여성의 북한 가족은 탄압을 받게됨탈북여성들 주장대로, 가려면 다가고 남으려면 다남아야그래서 언론의 인권…
2018-07-11	591975027	RT @Hegori_cm: 예상외로 '한남(한국남자)'라는 표현이 되게 여성들 사이에 빠르게 퍼지고 있다는거도 웃긴데 그 이유가 너무 웃겼던게흔한 새끼들이라 주위에 둘러보면 나말고 다른 여자들도 자주 당하고 있는+ 가부장문화속에 커서 지 잘못도…
2018-07-11	708612643255222272	RT @matrenin_dvor: 13세만 되어도 법이 여아는 동의해서 자기 판단 하에 성인과 섹스할 수 있는 존재로 취급한다. 고로 13세 남아의 성범죄는 성인의 성범죄와 동일하게 취급해야 할 것. 이것조차 안 되는 게 한국. 강간당할 때에만 스스…
2018-07-11	1011087337298644992	RT @BTS_twt: 안녕하세여 슈간데여 무사히 한국도착!! 이제 컴백까지 불타게 달리면 되겠군!! 껄껄 http://t.co/wrbA1h70GW
2018-07-11	827203020496658432	RT @brillar_al_sol: 솔직히 한국 사회는 우울증 안 걸리기가 힘든 사회인 것 같아.
2018-07-11	888710536518524929	RT @Hegori_cm: 예상외로 '한남(한국남자)'라는 표현이 되게 여성들 사이에 빠르게 퍼지고 있다는거도 웃긴데 그 이유가 너무 웃겼던게흔한 새끼들이라 주위에 둘러보면 나말고 다른 여자들도 자주 당하고 있는+ 가부장문화속에 커서 지 잘못도…
2018-07-11	743402012042133504	RT @kim_meme_: 한국 가톨릭 낙태죄는 파면사유지만 성당에 열심히 나오는건 아줌마들이고 그들을 잃을 순 없기 때문에 허구헌날 낙태치유기도모임  전국에서함. 주보보면 맨날 날짜 써있어. 우리엄마도 한번 갔다왔다. 가서 뭔 얘기를 하는지 모르겠…
2018-07-11	924295971013476352	RT @yes02170: 2018년도 가장 핫!! 이슈~한기총 고발사건!진실은 밝혀지게 되어있다.지금처럼!!한국은 잠잠해서 잘 모르겠지만세계는 한국을 주목한다.왜? 한기총의 부패로!!https://t.co/1vDIPjXJPF#한기…
2018-07-11	2805559501	"RT @fish_globe: 저게 참... 한국은 침략 없이 자발적으로 카톨릭을 받아들인 나라인데 우상숭배를 하지 않겠다고 제사 거부하다가 줄줄이 순교를 해나가니까 교황청에서 ""특별 허락""을 해 준 케이스임... 되게 웃임... 제사 못 잃어서 개종…"
2018-07-11	1406602128	RT @pro_listener_4: @isadanjang 정말 죄송한데 대한민국에선 엄연히 성매매도 범죄입니다 ^^...
2018-07-11	4909473499	RT @estima7: 짤막한 추천사를 쓴 퍼블리의 '한국대표 스타트업과 투자자의 끝장 토론' 책이 나왔다. @publy_ 의 메리 미커 보고서 도슨트 살롱 토론회의 내용을 담은 책이다. 일종의 토론 녹취록이라고 할까. 많은 통찰을 담은 예쁜 책으로…
2018-07-11	889150647462805506	오늘 일찍 자고 낼 일찍 일어날래 왜냐면 삘이왔어 한국시간으로 오전에 븨앱 할것같애
2018-07-11	932963575882162176	RT @pro_listener_4: 오늘을 기점으로 대한민국의 페미니즘은 죽었다.
2018-07-11	1001406522981662721	RT @hakindiscipulus: 와.. 워마드 비난하는 거 100분의 1이라도 여성혐오자들에게 썼어봐. 한국 여성인권이 이만큼 망가졌겠냐?
2018-07-11	810757400001032192	RT @chachashes: 이국종-이런 식으로 하니까 자유한국당이 저 지경이 된 것이다 https://t.co/QOhuURyFCB
2018-07-11	769818660609232900	RT @matrenin_dvor: 13세만 되어도 법이 여아는 동의해서 자기 판단 하에 성인과 섹스할 수 있는 존재로 취급한다. 고로 13세 남아의 성범죄는 성인의 성범죄와 동일하게 취급해야 할 것. 이것조차 안 되는 게 한국. 강간당할 때에만 스스…
2018-07-11	432470260	RT @kbkgwyd: 논란 있겠지만 통일부 입장이 가장 인권에 부합하다고 봄유엔 인권특별보고관 주장대로 &lt;일부&gt;입북하게 되면남한에 남은 여성의 북한 가족은 탄압을 받게됨탈북여성들 주장대로, 가려면 다가고 남으려면 다남아야그래서 언론의 인권…
2018-07-11	3516054313	대한민국 No.1 투자처풍부한 임대수요씨사이드파크 인근 센트럴파크하늘도시 핵심 입지실사용 면적 높이는 전호실3.9m 층고 복층설계공간의 가치를 높이는 1.5m 광폭 발코니천만원대 계약영… https://t.co/XzzhP99Na6
2018-07-11	937901348854435841	RT @someone_fmns: 한국남자가 숏컷을 한 노인 여성에게만 '남자같다'고 말하지 않는 이유?(워딩문제로 재업합니다 감사합니다) https://t.co/TuB6KoM9ar
2018-07-11	815848158056108032	RT @elkkk3: @ShowMeTheGogi 대한민국 자유민주주의 파괴 반란 적화는 저렇게 온다.사유재산 몰수 주체사상 사람이 먼저다=주체사상이 국가이다.그 지배층 5%가 먼저이고 국가다 실현 https://t.co/rqDDCBOZ4S
2018-07-11	49896884	자유한국당이 그렇게 원한다면 기무사 강화해서 자한당 사찰하면 돼겠네요. https://t.co/uBt4L21fQy
2018-07-11	889157966221332480	RT @hyfhit7: 한국과학소설작가연대 작가소개 자료집이 왔는데 듀낰ㅋㅋㅋㅋㅌㅌㅌㅌㅋ https://t.co/PDk1pJ8fOZ
2018-07-11	804251263252631553	RT @TheBlueHouseKR: 모디총리와 문재인 대통령의 지하철 탑승에 동행한 강경화 외교부 장관과 비크람 도래스와미(Vikram Kumar Doraiswami) 주한인도대사, 신봉길 주인도한국대사. 포토by 윤영찬 국민소통수석  #뉴델리_3호…
2018-07-11	1373710454	RT @kjs333011: 예전에도 얘기했지만, 초중고에서 남자새끼들이 일베나 남초커뮤니티에서 미친것만 배워서 교실에 와가지고 여학생, 선생한테 미친짓거리 하던게 벌써 몇년전 얘기. 그렇게 당하고도 목소리 내지못한 여성들이 불쏘시개 만나고, 갈등관리…
2018-07-11	760421081903616001	RT @nyabuRPG: 생각해보니 입/출국할때 자동출입국 심사 되는거 한국이 유일하지 않나... 어느나라에서 범죄자도 아닌 시민의 지문데이터를 다 가지고 있겠어... 편리하지만 되게 디스토피아적이고 사이버펑크하다... https://t.co/U7…
2018-07-11	738273814857973761	RT @kkiruk_yoon: 제가 만든 게임 #고양이는정말귀여워 가 런칭했습니다! 귀여운 고양이들을 모아모아 자신만의 마을을 만드는 게임입니다. 많은 집사분들의 관심과 성원 부탁드립니다~앱스토어 : https://t.co/Ttn12UeZPY구…
2018-07-11	987020144542035968	RT @Rt0tXV41zDPFzuz: 96. 도원경을 좋아하고 사극 좋아하고 암튼 동양풍 덕후들은 들으씨오 당장 차학연의 인연 퍼포영상을 보지 않으면 당신은 죽쏘........ 그리고 생일 기념 공개라는데 아이고 누추한 대한민국에 강림해주셔서 감사합…
2018-07-11	282944340	RT @engroom3247: 자유대한민국 정부 뒤엎고남로당 부위원장 출신김대중 정부세우기 5.18광주폭동에서 자유대한민국을 구하고광주시민을 지킨 군인들과당시 광주경찰들이 안 계셨으면이미 그때 우리나라는 적화되었다는말이 괜히 니오는 거…
2018-07-11	926647951593631744	RT @matrenin_dvor: 13세만 되어도 법이 여아는 동의해서 자기 판단 하에 성인과 섹스할 수 있는 존재로 취급한다. 고로 13세 남아의 성범죄는 성인의 성범죄와 동일하게 취급해야 할 것. 이것조차 안 되는 게 한국. 강간당할 때에만 스스…
2018-07-11	180392365	"RT @Mylife_KTV: #문재인 #대통령 ""국민과 소통하는 #모디 총리님께 경의를 표합니다""인도를 국빈방문 중인 문재인 대통령은#인도 모디 총리와 확대회담을 가졌습니다문 대통령은 국민과 소통하는 모디 총리에게 경의를 표하며한국과 인도의…"
2018-07-11	987298892852084736	만약에 10월에 한국 가게되면 정말정말 소량만 제작해서 소장용이랑 조금만 나눔해볼까 생각중,, https://t.co/Jy5ae6npUU
2018-07-11	2957461682	전 사실 한국에 해외연수를 온 765프로의 프로듀서입니다
2018-07-11	409005686	@onthebroom 한국의 무당을 원조로 한다는 일본의 여신인가요?
2018-07-11	2332849626	RT @mouse_baby_two: 앙스타 우익장르라고 해도 할말없음 한두번이야 1억 5천보 양보해서 그래 실수라고 치자 하지만 이정도면 걍 그냥 한국사람들 엿먹이는 의사밖에 안됨 차라리 한국이 싫으면 싫다고 하세요 아닌척하고는 에~~ 우리는 딱히…
2018-07-11	63351837	"GM 지원은 먹튀...""'한국법 무시' 한국지엠, 8100억원 지원 제재 필요"" | 다음뉴스 https://t.co/H1s3oRfALo"
2018-07-11	930815548610420743	"RT @CoconutGirlReal: 아니면 모두 한국 최고의 베리하드 SF ""복제 배반포로부터 유래한 만능분화 인간 배아 줄기세포주의 증거""(황우석 作)를 읽는 방법도 있겠죠."
2018-07-11	2351482176	RT @Levi__Kim: 한국 넷플릭스에서는 &lt;아무 일도 없었다&gt; 라는 제목으로 올라왔습니다. 재미있었어요. https://t.co/CxE1uypRbb
2018-07-11	959816648	RT @kkiruk_yoon: 제가 만든 게임 #고양이는정말귀여워 가 런칭했습니다! 귀여운 고양이들을 모아모아 자신만의 마을을 만드는 게임입니다. 많은 집사분들의 관심과 성원 부탁드립니다~앱스토어 : https://t.co/Ttn12UeZPY구…
2018-07-11	846864922755575808	RT @datastaion: 아마존한국 무료배송이벤트 이유 https://t.co/WJa4QNCmQF
2018-07-11	852816654996078594	RT @noot2_ow: 🌟오버워치 팬 한정 RT이벤트🌟발리언트 주전 6명 모두가 올해 옵드컵 국대로 뽑히게 되어 기쁜 마음으로 여는 이벤트 입니다 알티 추첨으로 한분께 치킨ㄱㄱ (｡•̀ᴗ-)✧ 이번 옵드컵 많은 관심 부탁드려요! 어차피 우승은 한…
2018-07-11	1233210612	RT @nyabuRPG: 생각해보니 입/출국할때 자동출입국 심사 되는거 한국이 유일하지 않나... 어느나라에서 범죄자도 아닌 시민의 지문데이터를 다 가지고 있겠어... 편리하지만 되게 디스토피아적이고 사이버펑크하다... https://t.co/U7…
2018-07-11	1013717214111850496	RT @m00min_0_0: 한국도 귀여운 캐릭터 신호등 있었으면 https://t.co/abkaWICQw0
2018-07-11	294400858	RT @binmudum: 태국 동굴조난 기적엔 영웅들이 있었다. 코치는 남은 과자를 아이들에게 나눠주고 자신은 공복으로 버티다 제일 끝에 나왔다. 그는 아이들에게 에너지 비축법과 명상을 가르치며 보살폈다. 세계각국의 동굴구조 자원봉사자들도 영웅들이었…
2018-07-11	2946303080	RT @pigori: 로다주가 맥에서 치즈버거를 먹는데 아무 맛을 못느껴 마약을 끊었다는 이야기가 있다.지금 내가 맥에서 맥모닝을 먹는데 나도 아무 맛도 못느끼고 있다.문제는 나는 마약을 하지 않는다는 것과이 맥모닝은 정말 아무 맛도 나지…
2018-07-11	920467788593905664	이태리채널을 틀었는데뜬금포로 한국노래가 들렸다.BTS였다.열광적인 서양팬들을 보여주는 순간이 불친절하기 짝이 없는 나라에 전세계 관광객들이 모이는 이유에 공감했다.사람은 아름다움을 추구하는 본능이… https://t.co/wAT01CU0dC
2018-07-11	925233983968886784	RT @matrenin_dvor: 13세만 되어도 법이 여아는 동의해서 자기 판단 하에 성인과 섹스할 수 있는 존재로 취급한다. 고로 13세 남아의 성범죄는 성인의 성범죄와 동일하게 취급해야 할 것. 이것조차 안 되는 게 한국. 강간당할 때에만 스스…
2018-07-11	575479886	RT @alley_in_forest: '밤문화', '남자는 늑대'라는 식의 은유적으로 표현하니 느껴지지 않던 가학성과 폭력성이 '강간문화', '잠재적 범죄자'란 워딩을 쓰니 확 느껴지던가요? 저는 제발 한국의 밤문화 없어졌으면 합니다. 일상적 성범죄…
2018-07-11	2343020450	RT @antirain03: 한국 기업 진짜 시발스러운게 외국 제품과 국내 제품이 경쟁이 안된다 싶으면 외국 제품을 못사게 함 ㅋㅋㅋㅋㅋㅋㅋㅋㅋㅋ 지들이 제품 질을 올릴 생각을 안하고 외국 제품을 후려침 미쳐버림 ㅋㅋㅋㅋㅋㅋㅋㅋㅋㅋㅋㅋㅋㅋㅋㅋ
2018-07-11	1016924298890469376	"RT @JTBC_news: '한국형 셜록홈즈' 안 된다…헌재 ""탐정업 금지 합헌"". 명칭 사용도 안 돼. 이를 허용할 경우 불법 뒷조사를 할 수 있는 사람으로 오해를 부를 수 있어 금지하는 게 맞다고 판단. https://t.co/46MMT6PBwP…"
2018-07-11	1133401314	RT @1_1_7_2: 딸한테는 '너 어디서 천박하게 몸 굴리고 다니지 마라' 라는 말 하는 거 미디어에서도 어렵지 않게 볼 수 있는데 아들한테 성범죄 저지르지 말라고 하는 거에 바들바들 떠는 건... 이래서 한국의 ✌️아들✌️들이 이 모양인걸까 싶…
2018-07-11	1513516884	RT @kkiruk_yoon: 제가 만든 게임 #고양이는정말귀여워 가 런칭했습니다! 귀여운 고양이들을 모아모아 자신만의 마을을 만드는 게임입니다. 많은 집사분들의 관심과 성원 부탁드립니다~앱스토어 : https://t.co/Ttn12UeZPY구…
2018-07-11	902084912928272385	RT @bir_gnignis: 여러분 일본 장르 우익 논란으로 힘들다고 함부로 한국 장르 입덕하지 마세요 존나게 위험합니다.한국 장르는 그 장르 자체 뿐만 아니라 팬덤끼리 오지게 싸우기 때문에 박살 같은거 한 달에 한 번은 무슨 1일1박살입니다.
2018-07-11	3006228234	RT @1_1_7_2: 딸한테는 '너 어디서 천박하게 몸 굴리고 다니지 마라' 라는 말 하는 거 미디어에서도 어렵지 않게 볼 수 있는데 아들한테 성범죄 저지르지 말라고 하는 거에 바들바들 떠는 건... 이래서 한국의 ✌️아들✌️들이 이 모양인걸까 싶…
2018-07-11	1013862408622825472	에리이같은 스타성인재를 한국에 데려오는 우리야 말로 애국자아님??
2018-07-11	965605326425747462	RT @_BH_yerin: #월간엑소1월: 두바이 분수쇼2월: 평창올림픽 폐막식3월: 엑소 기념 메달 제작 발표4월: 엑소 기념 메달 수여식5월: 개인스케줄 및 각종1위6월: 한국관광공사 명예홍보대사7월: 피파 월드컵(예정)…
2018-07-11	980688909444169728	RT @alley_in_forest: '밤문화', '남자는 늑대'라는 식의 은유적으로 표현하니 느껴지지 않던 가학성과 폭력성이 '강간문화', '잠재적 범죄자'란 워딩을 쓰니 확 느껴지던가요? 저는 제발 한국의 밤문화 없어졌으면 합니다. 일상적 성범죄…
2018-07-11	916579549986488320	RT @dyaelong: 리퀘박스/ 한국 고등학생 패치 아드마리리퀘 신청 감사합니다!#레이디버그 https://t.co/uPlv5kBInv
2018-07-11	426657709	RT @Hegori_cm: 한남들은 '한남' 두 음절에도 메갈꼴페미 뭔소리를 하면서 발광을 하지만 페미니즘이 꼭 필요할까 내 노오력으로 유리천장을 극복하니 머니 하는 내 사촌도 요즘은 한남 단어 씀 이런 단어가 여성들에게 주어지지 않았다는 게 더 의…
2018-07-11	934327056447422464	RT @alley_in_forest: '밤문화', '남자는 늑대'라는 식의 은유적으로 표현하니 느껴지지 않던 가학성과 폭력성이 '강간문화', '잠재적 범죄자'란 워딩을 쓰니 확 느껴지던가요? 저는 제발 한국의 밤문화 없어졌으면 합니다. 일상적 성범죄…
2018-07-11	217291368	RT @sung7664_pic2: 180707 싱토 크리스 한국 팬미팅옷 갈아입고 나왔는데 반응이👥👥👥 웅성거리자👥👥👥삐죽ㅋㅋㅋㅋㅋㅋㅋㅋ귀요미#KristSingtoFMinKorea #KristPerawat https://t.co/cTPS…
2018-07-11	2597515424	ㅇㅈ 미국살면 너무 많은 사람들을 좋든 싫든 만남 한국은 그게 부족해
2018-07-11	889157966221332480	"RT @coding_lupin: 한국 사회가 여성들을 어떻게 대해 왔는지, 남성들이 여성을 어떻게 성적 대상화하며 살아왔는지, 나는 그것에 침묵으로 동조해왔고 내 무의식에도 그런 부분들이 상당수 남아있다는 사실을 깨닫게 되면 다시는 ""여자들이 예민하…"
2018-07-11	1016327313212956674	RT @dytpqdlxn: 한기총의 이러한 정치, 행정 관여는 대한민국 헌법 제20조 제2항 ‘종교와 정치는 분리된다’는 내용에 위반되는 범죄이며, 대한민국 질서를 어지럽히는 것입니다.https://t.co/jh2DTAjk73  #한기총고발…
2018-07-11	2558882390	RT @HappyTimeMalec: &gt;#SaveShadowhunters 한국 지하철 배너광고 해시태그&lt;모든 팬들이 한국 지하철 배너광고 관련 사진, 영상등을 찾아 볼수 있도록 해시태그를 통일해서 사용하려 합니다!#SaveShadowhunter…
2018-07-11	56970775	[오마이포토] 당사 이전, 현판 내리는 자유한국당 #자유한국당 #여의도 #현판철거 https://t.co/mo1BsyxbW2 이희훈 기자
2018-07-11	839105212048637953	RT @nyabuRPG: 생각해보니 입/출국할때 자동출입국 심사 되는거 한국이 유일하지 않나... 어느나라에서 범죄자도 아닌 시민의 지문데이터를 다 가지고 있겠어... 편리하지만 되게 디스토피아적이고 사이버펑크하다... https://t.co/U7…
2018-07-11	2898136429	"RT @JTBC_news: '한국형 셜록홈즈' 안 된다…헌재 ""탐정업 금지 합헌"". 명칭 사용도 안 돼. 이를 허용할 경우 불법 뒷조사를 할 수 있는 사람으로 오해를 부를 수 있어 금지하는 게 맞다고 판단. https://t.co/46MMT6PBwP…"
2018-07-11	894774942494896128	RT @marry_xiulay: 아 네... 애 팬페이지라고 한국 들어왔다는 소식에 궁예 시작했죠 이런 어이없는 글 남기시고...^^팬페이지에서 궁예 시작했냐는 말 보고 얼마나 어이없었는데 결국 애를 향한 애정 이용해서 팔로워 수 늘리려는 목적이었나…
2018-07-11	2853128076	근데 또 코리아타운에 사는건 대부분이 히스패닉이고 한국 사장이 하는 가게에서 임금 후려치기 당하면서 인권침해 당하고잇다고...ㅋㅋㅋㅋㅋㅋㅋㅋㅋㅋㅋㅋㅋ아 너무너무싫다 한국인
2018-07-11	2958124915	RT @dolparinq: 개정은 카다피 방법으로 종결 된다.남한 고첩도 일망 타진 된다? https://t.co/IGFdNko195
2018-07-11	1548536096	RT @lady_sullem: 트위터에 이렇게 신실한 크리스챤인 한국 남성이 많은 줄 미처 몰랐네요.. 허허
2018-07-11	827774433314091008	RT @team_manager_: 나도 그루트언어 배우고싶다.왜 대한민국 교육과정에는 그루트어가 없나요. 그러면 길 가다가 가로수들 얘기도 들을 수 있을텐데..
2018-07-11	2212198004	@moonriver365 대장~~~우리도 대한민국의 기적을 함께 만들어가요,국민들이 잘 따를께요.
2018-07-11	991981280282619904	RT @mnm0081500: 한국인의 해연덕질 감성 중 뻘하게 유쾌한거톰 홀랜드- 김토미스칼렛 요한슨- 한순이크리스 햄스워스- 햄식이톰 히들스턴- 히들이채드윅 보스만- 최두익번외) 스타로드-김성길 최애 이름 한국식으로 개명 시키기.
2018-07-11	763949347	RT @brillar_al_sol: 어떤 분이 멘션으로 한국 우울증 유병률 5% 밖에 안 된다고 달아놨던데 유병률은 진단 받은 것을 기준으로 합니다. 우울증을 진단받아야 우울증 유병률 안에 포함되어요. 하지만 한국은 우울증에 걸렸다는 사실을 나약하다…
2018-07-11	895921952916819968	RT @_BH_yerin: #월간엑소1월: 두바이 분수쇼2월: 평창올림픽 폐막식3월: 엑소 기념 메달 제작 발표4월: 엑소 기념 메달 수여식5월: 개인스케줄 및 각종1위6월: 한국관광공사 명예홍보대사7월: 피파 월드컵(예정)…
2018-07-11	172387926	RT @alley_in_forest: 가족주의로 국가를 유지하는 한국은 가족이 범죄가 일어날 가능성이 높다고 공표하기가 쉽지 않을 것. 그러나 가족 내 범죄는 지속적이고, 피해자가 벗어나기 힘들기 때문에 사회의 개입이 절대적으로 필요하다.
2018-07-11	856133713633058817	한국장르에 박살류 복사해서 일본장르옆에 고스란히 붙여주기ㅣ
2018-07-11	411556271	RT @gooddaddy071: 문파가 정알못에 박사모.손가락같이 무지해서 문프를 맹목적으로 지지하는 게 아니라, 문프를 방해하려는 자들에게 그렇게 보이려고 무력시위를 하는 거다. 엄청난 숫자의 맹목적인 지지자들은 상대에게 공포심과 절망감을 주는 확…
2018-07-11	951814671312367617	"RT @pinpincong: 페미니즘 하기 전 해외에서 근무했었는데 정말 쇼크 받은건 할아버지가 어린 손녀의 밥을 해준다는거다.어른이 어린이를 돕는건 당연한건데 난 한국에서 할배는 누워있고  ""여자""아이니까 집안일 돕는거 너무도 많이 봤다."
2018-07-11	905002369624170496	RT @6TeenFeWriter9: 학교에서 페미니스트란 이유로따돌림받고 까여야하며올바른말을 했음에도학교폭력을 당해야하며 이렇게 누군지도 모르는사람들에게2차가해까지 받아야한다한국에서의 페미니스트의 인권은 아직 낮다는걸 뼈저리게 느낀다.한…
2018-07-11	833886845922537472	RT @antirain03: 한국 기업 진짜 시발스러운게 외국 제품과 국내 제품이 경쟁이 안된다 싶으면 외국 제품을 못사게 함 ㅋㅋㅋㅋㅋㅋㅋㅋㅋㅋ 지들이 제품 질을 올릴 생각을 안하고 외국 제품을 후려침 미쳐버림 ㅋㅋㅋㅋㅋㅋㅋㅋㅋㅋㅋㅋㅋㅋㅋㅋ
2018-07-11	2705914429	한국마사회 렛츠런팜 제주, 해바라기 축제 13일 개최 https://t.co/j4ThRkiuPt
2018-07-11	924295971013476352	RT @dytpqdlxn: 한기총의 이러한 정치, 행정 관여는 대한민국 헌법 제20조 제2항 ‘종교와 정치는 분리된다’는 내용에 위반되는 범죄이며, 대한민국 질서를 어지럽히는 것입니다.https://t.co/jh2DTAjk73  #한기총고발…
2018-07-11	253455682	RT @corcorgiBH: [대한민국 구석구석을 산책하는 백호의 첫번째 여행기] 한국관광공사와 함께하는 백호의 첫번째 여행기를 시작합니다. 앞으로 6개월간 백호는 누나와 함께 한국의 곳곳을 산책할 예정이에요. 이번에 소개하는 곳은 수도권에서 가장…
2018-07-11	2902417532	확실히 한국은 여덕이많긴하구나 굿즈상태가(..)
2018-07-11	96069720	오오 드디어 한국에서도 저지우유! https://t.co/kQYTlrBYG2
2018-07-11	2362445287	RT @nyabuRPG: 생각해보니 입/출국할때 자동출입국 심사 되는거 한국이 유일하지 않나... 어느나라에서 범죄자도 아닌 시민의 지문데이터를 다 가지고 있겠어... 편리하지만 되게 디스토피아적이고 사이버펑크하다... https://t.co/U7…
2018-07-11	426657709	RT @Hegori_cm: 예상외로 '한남(한국남자)'라는 표현이 되게 여성들 사이에 빠르게 퍼지고 있다는거도 웃긴데 그 이유가 너무 웃겼던게흔한 새끼들이라 주위에 둘러보면 나말고 다른 여자들도 자주 당하고 있는+ 가부장문화속에 커서 지 잘못도…
2018-07-11	843533297422688257	RT @bbright0506: :: KyoongKyoongee15 ::큥큥이가 드뎌 한국상륙ㅠㅅㅠ오늘부터 국내배송 시작됩니다😊홈페이지가 악성광고에 걸린건지 이상한 광고가 뜨고있어서.. 현재 조치중이니 홈페이지는 오늘밤부터 다시 확인 부탁드립…
2018-07-11	800364080	RT @pro_listener_4: 오늘을 기점으로 대한민국의 페미니즘은 죽었다.
2018-07-11	891508986570170368	RT @1_1_7_2: 딸한테는 '너 어디서 천박하게 몸 굴리고 다니지 마라' 라는 말 하는 거 미디어에서도 어렵지 않게 볼 수 있는데 아들한테 성범죄 저지르지 말라고 하는 거에 바들바들 떠는 건... 이래서 한국의 ✌️아들✌️들이 이 모양인걸까 싶…
2018-07-11	766280352147116032	한국경마사이트 , 온라인경마사이트 , AS88 . ME 사설경륜 https://t.co/5uoFMAZM8i
2018-07-11	909454214929121281	RT @NASA_EXOPLANET: 엑사세분들이 기억 못하실까 봐 모아둔 다음 시즌 여행지 유럽, 한국, 제주도, 강원도, 싱가폴, 홍콩, 종대특집도 해야 하고 1화부터 꾸준히 언급되는 우리 경수 오늘도 디오 껴서 첸백시디로 태국 가자고 했고 이제…
2018-07-11	901125972753211396	RT @Hegori_cm: 예상외로 '한남(한국남자)'라는 표현이 되게 여성들 사이에 빠르게 퍼지고 있다는거도 웃긴데 그 이유가 너무 웃겼던게흔한 새끼들이라 주위에 둘러보면 나말고 다른 여자들도 자주 당하고 있는+ 가부장문화속에 커서 지 잘못도…
2018-07-11	3949656853	RT @Hegori_cm: 예상외로 '한남(한국남자)'라는 표현이 되게 여성들 사이에 빠르게 퍼지고 있다는거도 웃긴데 그 이유가 너무 웃겼던게흔한 새끼들이라 주위에 둘러보면 나말고 다른 여자들도 자주 당하고 있는+ 가부장문화속에 커서 지 잘못도…
2018-07-11	945511457734590464	RT @professor__T: 에녹 그는 무엇일까 리얼 교회신자라서 한국교회의 특징을 너무 잘살려버린 크레이지 그리스월드...하나둘셋 주여 진짜 너무 웃긴데 웃으면 안될거같은데 웃기다
2018-07-11	964414511410159617	RT @someone_fmns: 한국남자가 숏컷을 한 노인 여성에게만 '남자같다'고 말하지 않는 이유?(워딩문제로 재업합니다 감사합니다) https://t.co/TuB6KoM9ar
2018-07-11	777533439540989952	RT @antirain03: 한국 기업 진짜 시발스러운게 외국 제품과 국내 제품이 경쟁이 안된다 싶으면 외국 제품을 못사게 함 ㅋㅋㅋㅋㅋㅋㅋㅋㅋㅋ 지들이 제품 질을 올릴 생각을 안하고 외국 제품을 후려침 미쳐버림 ㅋㅋㅋㅋㅋㅋㅋㅋㅋㅋㅋㅋㅋㅋㅋㅋ
2018-07-11	1016327313212956674	RT @dytpqdlxn: 🔕한기총의 설립 목적과 단체의 성격을 규정한 한기총 정관에 “한국 기독교를 하나로 묶어서 정부나 사회에 한 목소리를 내자.”라고 되어 있는 것만 봐도, 이들은 종교 집단이 아닌 정치 집단이라는 것을 알 수 있습니다.…
2018-07-11	358230048	"RT @JTBC_news: '한국형 셜록홈즈' 안 된다…헌재 ""탐정업 금지 합헌"". 명칭 사용도 안 돼. 이를 허용할 경우 불법 뒷조사를 할 수 있는 사람으로 오해를 부를 수 있어 금지하는 게 맞다고 판단. https://t.co/46MMT6PBwP…"
2018-07-11	172387926	RT @alley_in_forest: '밤문화', '남자는 늑대'라는 식의 은유적으로 표현하니 느껴지지 않던 가학성과 폭력성이 '강간문화', '잠재적 범죄자'란 워딩을 쓰니 확 느껴지던가요? 저는 제발 한국의 밤문화 없어졌으면 합니다. 일상적 성범죄…
2018-07-11	3281360725	@_janch 아직 한국 안들어와서 금요일 쯤 배송이래 오면 보여듀림😆
2018-07-11	810757400001032192	RT @regulardoge: 언제부터 한국에서 여자들이 길에서 따라오는 새끼를 두려워하지 않고 “꽃뱀”이 되려고 “작업”을 치기 시작했나? 미친 새끼들아 판타지 쓰지 마라 https://t.co/TpCRyx8Fox
2018-07-11	857526581257838592	RT @kkiruk_yoon: 제가 만든 게임 #고양이는정말귀여워 가 런칭했습니다! 귀여운 고양이들을 모아모아 자신만의 마을을 만드는 게임입니다. 많은 집사분들의 관심과 성원 부탁드립니다~앱스토어 : https://t.co/Ttn12UeZPY구…
2018-07-11	3272924941	RT @4rivers_bot: 4대강봇이 인사드립니다. 한반도의 자연과 대한민국의 미래, 후손들의 미래까지 말아먹은 악질 범죄자들을 고발합니다. RT와 팔로잉으로 사기꾼들을 응징해주세요. https://t.co/qJMIolRd
2018-07-11	983361259620843520	RT @someone_fmns: 한국남자가 숏컷을 한 노인 여성에게만 '남자같다'고 말하지 않는 이유?(워딩문제로 재업합니다 감사합니다) https://t.co/TuB6KoM9ar
2018-07-11	825751722916130816	RT @alley_in_forest: '밤문화', '남자는 늑대'라는 식의 은유적으로 표현하니 느껴지지 않던 가학성과 폭력성이 '강간문화', '잠재적 범죄자'란 워딩을 쓰니 확 느껴지던가요? 저는 제발 한국의 밤문화 없어졌으면 합니다. 일상적 성범죄…
2018-07-11	305774740	만나주는사람이없어베이징에서혼합하던 문대통령은시진핑의김정은환대를어떻게 생각할까. 김정은에게개인전화번호건낸트럼프는 문재인을 어떻게 생각할까. 누가 소외되고 있는지 너무나 명백한데 문재인을 찬양하는 한국언론은 무… https://t.co/Vhnsr9kAP8
2018-07-11	924295971013476352	RT @dytpqdlxn: 🔕한기총의 설립 목적과 단체의 성격을 규정한 한기총 정관에 “한국 기독교를 하나로 묶어서 정부나 사회에 한 목소리를 내자.”라고 되어 있는 것만 봐도, 이들은 종교 집단이 아닌 정치 집단이라는 것을 알 수 있습니다.…
2018-07-11	708100698848698368	RT @alley_in_forest: '밤문화', '남자는 늑대'라는 식의 은유적으로 표현하니 느껴지지 않던 가학성과 폭력성이 '강간문화', '잠재적 범죄자'란 워딩을 쓰니 확 느껴지던가요? 저는 제발 한국의 밤문화 없어졌으면 합니다. 일상적 성범죄…
2018-07-11	3171898609	RT @antirain03: 한국 기업 진짜 시발스러운게 외국 제품과 국내 제품이 경쟁이 안된다 싶으면 외국 제품을 못사게 함 ㅋㅋㅋㅋㅋㅋㅋㅋㅋㅋ 지들이 제품 질을 올릴 생각을 안하고 외국 제품을 후려침 미쳐버림 ㅋㅋㅋㅋㅋㅋㅋㅋㅋㅋㅋㅋㅋㅋㅋㅋ
2018-07-11	3190631730	RT @matrenin_dvor: 13세만 되어도 법이 여아는 동의해서 자기 판단 하에 성인과 섹스할 수 있는 존재로 취급한다. 고로 13세 남아의 성범죄는 성인의 성범죄와 동일하게 취급해야 할 것. 이것조차 안 되는 게 한국. 강간당할 때에만 스스…
2018-07-11	1386245178	RT @Tickhanim: 작품이 괜찮음 &gt; 제작자가 박살제작자가 괜찮음 &gt; 팬들이 박살팬이 괜찮음 &gt; 작품이 박살일본 장르 &gt; 우익, 일제강점기 미화한국 장르 &gt; 여혐, 소아성애서양 장르 &gt; 인종 차별메이저 &gt; 유명한 만큼 박살마이너…
2018-07-11	947810709051547653	RT @dyaelong: 리퀘박스/ 한국 고등학생 패치 아드마리리퀘 신청 감사합니다!#레이디버그 https://t.co/uPlv5kBInv
2018-07-11	852837746	RT @icecold001: 사유리는 자기가 안티페미 사상을 가지고 있는 것까지는 어쩔수 없다 쳐도 그걸 표출하는 순간 한국 여자들을 사람으로 안보게 되는건데 어떻게 외국인으로서 한국돈 벌어가면서 한국여자를 걍 투명인간 취급하면서 자기가 무사할 수…
2018-07-11	4660635919	RT @i_love_2018: 사실 이 프로는 대한민국 남녀 평균을 정가은과 정형돈에 잡았다는 점이 가장 현실적임 ... https://t.co/YSFx6GvwHt
2018-07-11	806140738408828932	RT @antirain03: 한국 기업 진짜 시발스러운게 외국 제품과 국내 제품이 경쟁이 안된다 싶으면 외국 제품을 못사게 함 ㅋㅋㅋㅋㅋㅋㅋㅋㅋㅋ 지들이 제품 질을 올릴 생각을 안하고 외국 제품을 후려침 미쳐버림 ㅋㅋㅋㅋㅋㅋㅋㅋㅋㅋㅋㅋㅋㅋㅋㅋ
2018-07-11	265175190	RT @chachashes: 이국종-이런 식으로 하니까 자유한국당이 저 지경이 된 것이다 https://t.co/QOhuURyFCB
2018-07-11	2948979529	RT @antirain03: 한국 기업 진짜 시발스러운게 외국 제품과 국내 제품이 경쟁이 안된다 싶으면 외국 제품을 못사게 함 ㅋㅋㅋㅋㅋㅋㅋㅋㅋㅋ 지들이 제품 질을 올릴 생각을 안하고 외국 제품을 후려침 미쳐버림 ㅋㅋㅋㅋㅋㅋㅋㅋㅋㅋㅋㅋㅋㅋㅋㅋ
2018-07-11	879317536197689344	"RT @kingkenny1967: 이 뉴스에 대한 반응도 참 다른데,한국 사람들은 ""술 취할 때까지 마신 사람이 잘못 아니냐""라는 반면호주 사람들은 ""어떻게 술취할 때까지 서빙하고, 거리에 버려둘 수 있냐. 식당을 이해할 수 없다""‘만취 여성…"
2018-07-11	226132861	"RT @JTBC_news: '한국형 셜록홈즈' 안 된다…헌재 ""탐정업 금지 합헌"". 명칭 사용도 안 돼. 이를 허용할 경우 불법 뒷조사를 할 수 있는 사람으로 오해를 부를 수 있어 금지하는 게 맞다고 판단. https://t.co/46MMT6PBwP…"
2018-07-11	3221291792	RT @matrenin_dvor: 13세만 되어도 법이 여아는 동의해서 자기 판단 하에 성인과 섹스할 수 있는 존재로 취급한다. 고로 13세 남아의 성범죄는 성인의 성범죄와 동일하게 취급해야 할 것. 이것조차 안 되는 게 한국. 강간당할 때에만 스스…
2018-07-11	905044905336086529	RT @bbright0506: :: KyoongKyoongee15 ::큥큥이가 드뎌 한국상륙ㅠㅅㅠ오늘부터 국내배송 시작됩니다😊홈페이지가 악성광고에 걸린건지 이상한 광고가 뜨고있어서.. 현재 조치중이니 홈페이지는 오늘밤부터 다시 확인 부탁드립…
2018-07-11	3292457208	RT @lokithorloki: 요즘 그 분들은, 성체라고 건빵이나 쌀떡이나 카스테라를 포도청이랑 같이 먹는 종파랑도 잘 지냄... 거 님들 말대로라면 애당초 한국에 바티칸이 선전포고했겠지... 나 저 위에 거 다 성찬으로 먹어봤어(......) 쌀…
2018-07-11	203999738	한국 천주교는 낙태반대 서명 받으러 돌아다니는 순간 이미 코미디 하고 있긴 한듯
2018-07-11	2207463392	RT @PleaseBeHappySY: 한국 케이팝 팬의 화이트워싱에 대한 생각 #화이트워싱 #whitewashing1) 일단 용어부터 한참 잘못됐음. 화이트워싱은 주로 영화계에서 비백인 역할에 백인 배우를 캐스팅하는 문제를 칭하는 단어로, 맥락에…
2018-07-11	193267873	RT @moonrise365: 문대통령의 인도 일정 중 11개의 일정을 함께할 정도로 각별한 예우를 한 모디 총리는 한국에 대한 강한 애정을 드러냈다. 모디 총리는 문 대통령에게 한국말로 “다시 만나요, 고맙습니다”라고 말했다. https://t.…
2018-07-11	793137344	RT @lsh4u: 촛불계엄령 침묵하던 한국당의원내대표가 입열었음기무사의 은밀한 문건이 왜 나왔냐?정윤회 십상시 문건 나와도그게 왜 유출됐냐며 박관천만 벌주던 박근혜 떠올라요뿌리는 못속인다더니한국당이 새누리당, 새누리가 박근혜죠다시 당이…
2018-07-11	810757400001032192	RT @kjs333011: 하여간 맨날 건전한 페미니즘 따지는 남성분들에게 한마디 한다면그 남초커뮤니티나 대한민국 남성 평균 수준도 좀 '건전해' 지면 안됩니까?가슴에 손을 얹고 야갤이나 엠팍불펜 보고 그게 정상이라 생각하시는지 ㄲㄲ
2018-07-11	1005953657441939456	RT @kingtheknife: 통탄할 일이외다한국의 자랑거리이자 특산품네 캔 만 원을 더 이상 볼 수없다니세종이 현명한 정치를하기로 소문났으니현명한 판단을 한 번내려보자면역차별이라 하니국맥을 없애버리는 게좋지 않겠는가?국맥의 목…
2018-07-11	893384036290187265	"RT @JTBC_news: '한국형 셜록홈즈' 안 된다…헌재 ""탐정업 금지 합헌"". 명칭 사용도 안 돼. 이를 허용할 경우 불법 뒷조사를 할 수 있는 사람으로 오해를 부를 수 있어 금지하는 게 맞다고 판단. https://t.co/46MMT6PBwP…"
2018-07-11	1562130764	RT @myjinijini: 한기총을 고발합니다 : 대한민국 5천만 국민분들 더이상 속지 맙시다.#고발 #교리비교 #신천지 #강제개종  #한기총고발 https://t.co/YONNUdTYCM https://t.co/4PllOo9COF
2018-07-11	992400538162491392	RT @BTSnBillboard: 🌀지난주 방탄소년단FakeLove 국가별 샤잠 순위🌀1위 🥇🇺🇸미국17,5072위🥈🇰🇷한국 12,579👍🏼3위 🥉🇲🇽멕시코4,4594) 🇲🇨인도네시아2,6675) 🇯🇵일본2,0836) 🇲🇾말레이시아…
2018-07-11	2470723856	"RT @Mylife_KTV: #문재인 #대통령 ""국민과 소통하는 #모디 총리님께 경의를 표합니다""인도를 국빈방문 중인 문재인 대통령은#인도 모디 총리와 확대회담을 가졌습니다문 대통령은 국민과 소통하는 모디 총리에게 경의를 표하며한국과 인도의…"
2018-07-11	1012692501033934849	RT @Sheepsheep_ship: [이벤트] 이번주 일요일 4시 한국양모회 주최 도묘필기 단관 1인참석권+기념굿즈권○엉성한 영화라도 팬심으로 품으실분●'양양이 뭘하나 함 보자'가 아닌 '양양이 보고싶다' 하시는분○아직 단관신청을 하지 않으…
2018-07-11	947371036978196480	이제 바쁜거 다 끝났고 내일 한국간다 ;ㅁ; 새벽에 ,,,( 습슬 ,,, 🙏✨ https://t.co/za1oJVy0JP
2018-07-11	4830150559	RT @TheBlueHouseKR: &lt;경제협력, 왜 인도와 함께인가&gt;- 2030년까지 교역액 500억불 달성- 4차 산업혁명도 협력 - 방위산업 분야 공동연구개발 등 정상회담을 통해 미래 동반자로서의 기반을 다진 한국과 인도! 경제협력, 왜…
2018-07-11	956920778456408065	RT @alley_in_forest: '밤문화', '남자는 늑대'라는 식의 은유적으로 표현하니 느껴지지 않던 가학성과 폭력성이 '강간문화', '잠재적 범죄자'란 워딩을 쓰니 확 느껴지던가요? 저는 제발 한국의 밤문화 없어졌으면 합니다. 일상적 성범죄…
2018-07-11	980494326588358656	RT @365birthdaysong: #아무도_믿지않을_거짓말을_해보자 위 해시와 다르게 거짓말은 아니구요,트친중에 이미 본 사람들도 있을텐데...사진은 25살의 축하사절단 이랍니다. 흐.. 이대로 컸어야 했는데... ㅜㅜ그동안 대한민국…
2018-07-11	156941309	RT @datastaion: 아마존한국 무료배송이벤트 이유 https://t.co/WJa4QNCmQF
2018-07-11	3088630873	RT @nyabuRPG: 생각해보니 입/출국할때 자동출입국 심사 되는거 한국이 유일하지 않나... 어느나라에서 범죄자도 아닌 시민의 지문데이터를 다 가지고 있겠어... 편리하지만 되게 디스토피아적이고 사이버펑크하다... https://t.co/U7…
2018-07-11	479346037	RT @antirain03: 한국 기업 진짜 시발스러운게 외국 제품과 국내 제품이 경쟁이 안된다 싶으면 외국 제품을 못사게 함 ㅋㅋㅋㅋㅋㅋㅋㅋㅋㅋ 지들이 제품 질을 올릴 생각을 안하고 외국 제품을 후려침 미쳐버림 ㅋㅋㅋㅋㅋㅋㅋㅋㅋㅋㅋㅋㅋㅋㅋㅋ
2018-07-11	3291496418	RT @antirain03: 한국 기업 진짜 시발스러운게 외국 제품과 국내 제품이 경쟁이 안된다 싶으면 외국 제품을 못사게 함 ㅋㅋㅋㅋㅋㅋㅋㅋㅋㅋ 지들이 제품 질을 올릴 생각을 안하고 외국 제품을 후려침 미쳐버림 ㅋㅋㅋㅋㅋㅋㅋㅋㅋㅋㅋㅋㅋㅋㅋㅋ
2018-07-11	2357546804	RT @kingtheknife: 통탄할 일이외다한국의 자랑거리이자 특산품네 캔 만 원을 더 이상 볼 수없다니세종이 현명한 정치를하기로 소문났으니현명한 판단을 한 번내려보자면역차별이라 하니국맥을 없애버리는 게좋지 않겠는가?국맥의 목…
2018-07-11	950271052227096576	RT @antirain03: 한국 기업 진짜 시발스러운게 외국 제품과 국내 제품이 경쟁이 안된다 싶으면 외국 제품을 못사게 함 ㅋㅋㅋㅋㅋㅋㅋㅋㅋㅋ 지들이 제품 질을 올릴 생각을 안하고 외국 제품을 후려침 미쳐버림 ㅋㅋㅋㅋㅋㅋㅋㅋㅋㅋㅋㅋㅋㅋㅋㅋ
2018-07-11	711848181378588672	RT @exbusim_b: 올해 2018년 #POWER 의 기록 ✔️한국 최초 두바이 분수쇼 주제곡✔️평창 동계 올림픽 폐막식 공연✔️2018 FIFA 러시아 월드컵 배경음악#EXO⁠ ⁠⁠⁠⁠#weareoneEXO⁠ ⁠⁠#TheElyXiOn_…
2018-07-11	4686156032	RT @_BH_yerin: #월간엑소1월: 두바이 분수쇼2월: 평창올림픽 폐막식3월: 엑소 기념 메달 제작 발표4월: 엑소 기념 메달 수여식5월: 개인스케줄 및 각종1위6월: 한국관광공사 명예홍보대사7월: 피파 월드컵(예정)…
2018-07-11	180392365	RT @bizinfo1357: 한국과 인도가 만났다!한국 중소기업과 인도 중소기업이 기술로 협력한다! 7월 10일(화) 인도 뉴델리에 ‘한-인도 기술교류센터’가 문을 열었습니다중소기업의 서남아 시장 진출을 돕고 무역·투자를 활성화할 것입니다…
2018-07-11	997439199371378688	RT @dailymoonjaein: 180710 문재인 대통령, 한국·인도 확대정상회담 및 공동 언론발표 https://t.co/uPaiP3qg1c
2018-07-11	1007563799245668353	저는 한국어를 공부하고있는 일본인입니다.한국 분과 사이가 좋아지고 싶습니다잘 부탁드립니다#日本人#韓国人
2018-07-11	308532174	"RT @Mylife_KTV: #문재인 #대통령 ""국민과 소통하는 #모디 총리님께 경의를 표합니다""인도를 국빈방문 중인 문재인 대통령은#인도 모디 총리와 확대회담을 가졌습니다문 대통령은 국민과 소통하는 모디 총리에게 경의를 표하며한국과 인도의…"
2018-07-11	135108058	RT @annlove0416: 설조 스님 단식 22일째한국 불교 조계종의 적폐 청산을 위한 스님의 단식이 22일째를 맞았습니다. 이번주 목요일, 토요일 조계사 앞에서 함께 해 주시면 고맙겠습니다. https://t.co/SzgsJAcvUh
2018-07-11	968149069318184962	RT @antirain03: 한국 기업 진짜 시발스러운게 외국 제품과 국내 제품이 경쟁이 안된다 싶으면 외국 제품을 못사게 함 ㅋㅋㅋㅋㅋㅋㅋㅋㅋㅋ 지들이 제품 질을 올릴 생각을 안하고 외국 제품을 후려침 미쳐버림 ㅋㅋㅋㅋㅋㅋㅋㅋㅋㅋㅋㅋㅋㅋㅋㅋ
2018-07-11	913364555165687809	"RT @TheBlueHouseKR: 문재인 대통령은 모디 총리와 함께 '한-인도 CEO 라운드테이블'에 참석했습니다. 양국 주요 기업대표, 정부인사가 참석해 경제현황, 사업·투자 환경 등에 대해 의견을 나눴습니다. 세쉬 샤 인도상의연합회장은 ""한국은…"
2018-07-11	999693392106831873	"RT @pinpincong: 페미니즘 하기 전 해외에서 근무했었는데 정말 쇼크 받은건 할아버지가 어린 손녀의 밥을 해준다는거다.어른이 어린이를 돕는건 당연한건데 난 한국에서 할배는 누워있고  ""여자""아이니까 집안일 돕는거 너무도 많이 봤다."
2018-07-11	426657709	RT @lady_sullem: 트위터에 이렇게 신실한 크리스챤인 한국 남성이 많은 줄 미처 몰랐네요.. 허허
2018-07-11	877179623393513473	RT @m00min_0_0: 한국도 귀여운 캐릭터 신호등 있었으면 https://t.co/abkaWICQw0
2018-07-11	203999738	"RT @Worldless: ""천주교 관계자""가 누구인지는 모르겠지만, 이걸로 공식 성명서를 내는 순간 한국 가톨릭 교회는 코미디에 동참하게 되는 것. https://t.co/LAgAun90NI"
2018-07-11	938441165950525440	RT @matrenin_dvor: 13세만 되어도 법이 여아는 동의해서 자기 판단 하에 성인과 섹스할 수 있는 존재로 취급한다. 고로 13세 남아의 성범죄는 성인의 성범죄와 동일하게 취급해야 할 것. 이것조차 안 되는 게 한국. 강간당할 때에만 스스…
2018-07-11	147900246	자진해서 절 했다면 걱정이 큽니다. 돈받고 했다면 그 또한 걱정이 큽니다. 아무튼 둘다 ... RT @kyunghyang LA 가는 홍준표, 한국당에 “치열한 내부논쟁 있는 게 좋다” #경향 https://t.co/GG9PD1Uj8b
2018-07-11	1015108115178516481	RT @jihon_shua_0521: 안녕하세요👋🏻✨일본에 사는 한국인 캐럿이예요💎한국캐럿분들과 친해지고 싶어요✨편하게 댓글,뎀 보내세용💗곧 답장 보낼거예요👍🏻🍀흔적 남기세요〜💗#캐럿트친소 #세븐틴트친소 https://t.co/QNxcj…
2018-07-11	760050060293910529	RT @antirain03: 한국 기업 진짜 시발스러운게 외국 제품과 국내 제품이 경쟁이 안된다 싶으면 외국 제품을 못사게 함 ㅋㅋㅋㅋㅋㅋㅋㅋㅋㅋ 지들이 제품 질을 올릴 생각을 안하고 외국 제품을 후려침 미쳐버림 ㅋㅋㅋㅋㅋㅋㅋㅋㅋㅋㅋㅋㅋㅋㅋㅋ
2018-07-11	936899783268089856	RT @yonaxiaojie: 오늘자 세계일보, 한국일보 지면 단신 기사. @BTS_twt https://t.co/jdlXfUlgaA
2018-07-11	465579280	RT @datastaion: 아마존한국 무료배송이벤트 이유 https://t.co/WJa4QNCmQF
2018-07-11	2350096662	RT @antirain03: 한국 기업 진짜 시발스러운게 외국 제품과 국내 제품이 경쟁이 안된다 싶으면 외국 제품을 못사게 함 ㅋㅋㅋㅋㅋㅋㅋㅋㅋㅋ 지들이 제품 질을 올릴 생각을 안하고 외국 제품을 후려침 미쳐버림 ㅋㅋㅋㅋㅋㅋㅋㅋㅋㅋㅋㅋㅋㅋㅋㅋ
2018-07-11	4169118554	RT @sy876: “보통 사람도 나쁜 짓을 할 수도 있어요. 한국의 부모님들은 자식 성적이 좋으면 똑똑하다고 하고 성적이 별로면 착하다고 하곤 하죠. 그건 틀렸어요. ㅇㅇ이가 나쁜 짓을 한 나쁜 아이라면 보통 아이로 만들고, 나쁜 짓을 한 보통 아…
